,scr_37,scr_38,scr_39,scr_40,size_37,size_38,size_39,size_40
0,2.7533135347067987,3.0453988084166226,2.9639676025929895,2.75559108117416,10,10,10,10
1,2.7543088188065266,3.0463872738334246,2.973353262972735,2.837349567454089,10,10,10,20
2,2.755193269487577,3.0472662011438345,2.9820878528375228,2.9180710273925192,10,10,10,30
3,2.755984897180485,3.048052938924554,2.9902028951545567,2.9977292915963702,10,10,10,40
4,2.756697556062584,3.048760801199566,2.9977374905273884,3.076304519218601,10,10,10,50
5,2.7542265249931592,3.046309205238261,3.0348536626727474,2.7630924607319853,10,10,20,10
6,2.7552013049104307,3.0472776996190905,3.0442396261579474,2.844853170555117,10,10,20,20
7,2.75606829932804,3.0481390766251604,3.0529742160227356,2.9255766829949654,10,10,20,30
8,2.756844133258786,3.0489098779226302,3.0610889552343155,3.0052366576166643,10,10,20,40
9,2.757542660880003,3.049604022718389,3.068622944396238,3.0838132535731733,10,10,20,50
10,2.7550483547926556,3.0471294298065703,3.1049722597432536,2.770109963080491,10,10,30,10
11,2.75600540136294,3.0480799704277888,3.1143582232284537,2.8518725543632555,10,10,30,20
12,2.75685632493484,3.048925410950609,3.123092509987787,2.9325976061791676,10,10,30,30
13,2.7576180276047046,3.0496822930411884,3.131206642988458,3.0122589491351457,10,10,30,40
14,2.758304086466322,3.0503637289958734,3.138740329044929,3.0908369134259335,10,10,30,50
15,2.7557923241155318,3.047871787507352,3.174279443513691,2.776667534069557,10,10,40,10
16,2.756733022756561,3.0488061899176846,3.1836648007879833,2.8584316647283847,10,10,40,20
17,2.7575698150675803,3.049637509505978,3.1923984813364106,2.9391580848785757,10,10,40,30
18,2.758318771894296,3.0503816827554853,3.200512311231628,3.018820796168833,10,10,40,40
19,2.758993470330498,3.051052023690185,3.2080450879717364,3.0973997867103296,10,10,40,50
20,2.756468685053014,3.0485469699053196,3.242740053751412,2.782792711426541,10,10,50,10
21,2.757394698266068,3.0494668479258524,3.2521248048147964,2.8645580393778625,10,10,50,20
22,2.758218467650392,3.0502852569454375,3.2608578791523133,2.9452858278623326,10,10,50,30
23,2.7589563411352414,3.051018133447324,3.268970799731171,3.024949223319729,10,10,50,40
24,2.759620510396669,3.051678186272584,3.2765026671549164,3.1035288980283653,10,10,50,50
25,2.7614002180170902,3.1419956834992275,2.9650569635942747,2.7565407051636046,10,20,10,10
26,2.7623822021065765,3.14298414891603,2.9744280749122347,2.838299191443533,10,20,10,20
27,2.7632552923622122,3.1438630762264395,2.9831490250315964,2.919020651381963,10,20,10,30
28,2.764036390880346,3.1446496122795238,2.9912510338141125,2.9986789155858142,10,20,10,40
29,2.764739628921857,3.145357676282171,2.998773201863335,3.0772538011244746,10,20,10,50
30,2.7623010166273954,3.142906080320866,3.035940901935856,2.7640297697129204,10,20,20,10
31,2.76326305070152,3.1438745747016963,3.045312316359269,2.845790479536052,10,20,20,20
32,2.764118407610167,3.1447357499801303,3.0540329633731775,2.9265139919759005,10,20,20,30
33,2.7648842665332314,3.1455067530052356,3.0621349721556936,3.0061736245140303,10,20,20,40
34,2.7655736503974087,3.1462006960733575,3.0696568370994624,3.0847502204705393,10,20,20,50
35,2.763112040168571,3.1437261031615398,3.106057377268185,2.771035641220057,10,20,30,10
36,2.7640563408957077,3.144676643782758,3.115428791691598,2.852798232502822,10,20,30,20
37,2.7648961811257395,3.145522084305578,3.1241494387055067,2.933523284318734,10,20,30,30
38,2.765647908787923,3.146278966396158,3.132250841277115,3.013184627274712,10,20,30,40
39,2.7663248238924987,3.1469604023508433,3.1397721000099748,3.09176224948193,10,20,30,50
40,2.7638460344837656,3.1444684608623215,3.175362742405899,2.7775822655348925,10,20,40,10
41,2.7647742643651942,3.145402863272653,3.1847338537238588,2.8593462251519357,10,20,40,20
42,2.765599973334345,3.1462339811333115,3.1934535914214055,2.9400728163439114,10,20,40,30
43,2.7663395093204732,3.146978356110454,3.201554387782106,3.019735185550599,10,20,40,40
44,2.767005063999635,3.1476484953175183,3.2090753434095127,3.0983141760920963,10,20,40,50
45,2.764513528747754,3.1451434415326522,3.243821534010896,2.7836970093430016,10,20,50,10
46,2.765427350284754,3.146063319553186,3.2531920391179474,2.8654623372943235,10,20,50,20
47,2.7662403134107576,3.146881728572771,3.2619111706045865,2.9461899547370085,10,20,50,30
48,2.7669682118879244,3.147614403347021,3.2700113607543795,3.0258533501944047,10,20,50,40
49,2.767624068642951,3.148274456172281,3.27753110395997,3.104433024903041,10,20,50,50
50,2.768883136279133,3.237350521526476,2.966019929621288,2.7573806913689647,10,30,10,10
51,2.769852651609018,3.2383391886709143,2.975378310510184,2.839139006607108,10,30,10,20
52,2.7707146585227864,3.239218115981324,2.9840868333059367,2.919860466545538,10,30,10,30
53,2.771486336200331,3.240004652034408,2.9921776271866585,2.9995183886658197,10,30,10,40
54,2.7721807075683493,3.2407127160370552,2.999689186544995,3.0780936162880503,10,30,10,50
55,2.7697722973804777,3.238260918348115,3.0369020493301453,2.7648588092440507,10,30,20,10
56,2.770722416862093,3.2392294127289443,3.0462604302190415,2.846619348025398,10,30,20,20
57,2.7715672445959667,3.2400905880073783,3.0549692561202484,2.927342860465245,10,30,20,30
58,2.7723234055948964,3.240861591032484,3.063059443790063,3.0070024930033754,10,30,20,40
59,2.7730039227855796,3.241555534100606,3.070570700042945,3.085579088959885,10,30,20,50
60,2.770573345913972,3.239080941188788,3.1070170091352045,2.771854418244097,10,30,30,10
61,2.7715057320486,3.2400314818100058,3.1163753900241002,2.853616838485077,10,30,30,20
62,2.772335043103858,3.240876922332826,3.1250836097144,2.9343418903009884,10,30,30,30
63,2.7730773499254537,3.2416336026957704,3.1331737973842135,3.0140028911733974,10,30,30,40
64,2.773745675440082,3.2423152403780913,3.1406844474261884,3.092580855464185,10,30,30,50
65,2.7712979193885796,3.2398230971619335,3.1763205556401966,2.778391293177196,10,30,40,10
66,2.772214511761046,3.2407574995722657,3.1856786334236378,2.8601552527942395,10,30,40,20
67,2.7730299686389692,3.2415888191605595,3.1943862469030297,2.9408815019026457,10,30,40,30
68,2.77376008378451,3.242332992410067,3.202475828361936,3.020543871109333,10,30,40,40
69,2.7744176030408174,3.2430031316171304,3.209985872193002,3.0991228616508297,10,30,40,50
70,2.7719568240626202,3.240498077832264,3.244777831717923,2.7844968007289235,10,30,50,10
71,2.772859285174205,3.241417955852798,3.254135303290457,2.866262128680246,10,30,50,20
72,2.77366199620898,3.2422363648723826,3.262842613664395,2.9469894040393605,10,30,50,30
73,2.774381028012654,3.242969039646632,3.2709309827014854,3.026652799496757,10,30,50,40
74,2.7750285722612795,3.2436290924718927,3.2784404203216444,3.105232474205393,10,30,50,50
75,2.775796647852718,3.3314356858122243,2.966877414950346,2.7581288281358645,10,40,10,10
76,2.776754802757189,3.3324241512290262,2.976224277831995,2.8398871433740083,10,40,10,20
77,2.7776068346632754,3.3333030785394353,2.984922191936861,2.920608261228869,10,40,10,30
78,2.7783690915002333,3.334089614592519,2.993002680232151,3.0002665254327203,10,40,10,40
79,2.77905515036185,3.3347976785951667,3.000504540215963,3.0788414109713806,10,40,10,50
80,2.7766755568628345,3.3323458809062263,3.0377577160264813,2.7655971966292143,10,40,20,10
81,2.7776140388354893,3.333314375287056,3.0471048820135826,2.847357735410561,10,40,20,20
82,2.778448891561682,3.3341755505654906,3.0558024930129957,2.928081076808625,10,40,20,30
83,2.7791959088035707,3.3349463518629605,3.0638829813082853,3.0077407093467543,10,40,20,40
84,2.779868667654946,3.3356402949310815,3.0713845381866434,3.0863173053032638,10,40,20,50
85,2.777466630388648,3.3331657020192633,3.1078711603042706,2.772583569372879,10,40,30,10
86,2.778387933181408,3.3341162426404813,3.117218023185919,2.854345989613859,10,40,30,20
87,2.779207546312532,3.3349616831633018,3.1259156341853305,2.935070870387986,10,40,30,30
88,2.7799409864606335,3.335718565253882,3.133995516269713,3.0147318712603943,10,40,30,40
89,2.780601553635954,3.3364000012085664,3.1414964669371632,3.093309835551182,10,40,30,50
90,2.778182614273308,3.33390785799241,3.1771731912819927,2.7791117211749516,10,40,40,10
91,2.779088400387453,3.3348422604027412,3.1865197510581864,2.8608756807919953,10,40,40,20
92,2.779894159341242,3.3356733782634,3.195216755846692,2.941601929900401,10,40,40,30
93,2.780615684896836,3.336417753240542,3.2032960317201664,3.021264299107088,10,40,40,40
94,2.7812651687302887,3.337087892447606,3.210796679282162,3.0998429475650155,10,40,40,50
95,2.7788337606080398,3.33458283866274,3.2456292549379038,2.785209360804576,10,40,50,10
96,2.7797254154613045,3.335502514955638,3.25497520850319,2.8669745177141137,10,40,50,20
97,2.7805187056554925,3.3363209239752227,3.2636716070807874,2.947701964115013,10,40,50,30
98,2.781229147869218,3.3370538004771086,3.2717499736379008,3.0273650174888402,10,40,50,40
99,2.781868933778537,3.337713651574733,3.2792497118835344,3.1059446921974763,10,40,50,50
100,2.782181761102755,3.424229793227048,2.9676457872759614,2.7587994829742306,10,50,10,10
101,2.7831293868324525,3.4252182586438487,2.976982344572176,2.8405576271705897,10,50,10,20
102,2.7839714437308576,3.4260969842266227,2.9856705593025183,2.9212787450254503,10,50,10,30
103,2.7847251109778677,3.4268837220073425,2.993741651328738,3.000936667145732,10,50,10,40
104,2.785403688583724,3.427591382554718,3.0012353274652943,3.0795115526843926,10,50,10,50
105,2.783050695105191,3.425139988321049,3.0385245728248265,2.7662591283365536,10,50,20,10
106,2.7839789249866183,3.4261082809742427,3.0478614332264953,2.848019496076116,10,50,20,20
107,2.784804356872223,3.4269696579803135,3.0565493448513843,2.9287426664323943,10,50,20,30
108,2.785543061607711,3.427740257550147,3.064620436877603,3.0084022989705237,10,50,20,40
109,2.7862080621197793,3.428434200618269,3.072113809908706,3.0869788949270336,10,50,20,50
110,2.7838329019575103,3.4259594059788148,3.108636501575346,2.773237120032761,10,50,30,10
111,2.7847439526590434,3.426909946600033,3.117973361977016,2.8549995402737407,10,50,30,20
112,2.7855541449495793,3.427755588850489,3.1266609704964505,2.9357242500060834,10,50,30,30
113,2.7862795496748265,3.428512470941069,3.134731759417216,3.015385592962062,10,50,30,40
114,2.7869326355943866,3.4291939068957538,3.1422245262374098,3.0939632151692797,10,50,30,50
115,2.7845408504193156,3.4267017636795964,3.1779373201312526,2.779757574954515,10,50,40,10
116,2.78543666152578,3.4276361660899277,3.187273574322015,2.8615215345715592,10,50,40,20
117,2.7862332767225286,3.4284672839505865,3.1959608797359946,2.942247783679965,10,50,40,30
118,2.7869464897717213,3.4292112554724565,3.204031062445853,3.021909810803083,10,50,40,40
119,2.7875890465165063,3.4298817981347933,3.211522919949686,3.1004888013445795,10,50,40,50
120,2.7851845154982886,3.427376340894655,3.246391868259895,2.785847859787392,10,50,50,10
121,2.7860661953438717,3.4282962189151887,3.255727819345203,2.867613016696929,10,50,50,20
122,2.7868508959481115,3.4291144262071374,3.2644145185482754,2.948340292056044,10,50,50,30
123,2.787553302738983,3.429847504436659,3.272483791941771,3.0280036875134404,10,50,50,40
124,2.7881858844760874,3.4305075572619197,3.279975043234696,3.1065830201385074,10,50,50,50
125,2.8196235066005455,3.0526959021966182,2.964900258074613,2.7564076346549977,20,10,10,10
126,2.820618513616727,3.0536720622276188,2.9742734911307496,2.8381661209349254,20,10,10,20
127,2.8215029642977774,3.05454009624568,2.9829962598828352,2.918887580873356,20,10,10,30
128,2.8222945919906843,3.0553167476445955,2.991100087298075,2.9985455029936374,20,10,10,40
129,2.823007250872785,3.0560159356312555,2.9986240739800207,3.077120730615868,20,10,10,50
130,2.820536219803359,3.0535950022706357,3.0357841964161945,2.7638984096221613,20,10,20,10
131,2.8215109997206316,3.0545513929933,3.0451577325777848,2.845659119445293,20,10,20,20
132,2.8223777170546933,3.0554018767070223,3.05388050132987,2.926382631885142,20,10,20,30
133,2.823153550985439,3.056162995077959,3.0619843287451105,3.006042264423271,20,10,20,40
134,2.8238520786066568,3.05684826385773,3.0695080123216014,3.08461886037978,20,10,20,50
135,2.8213580496028565,3.0544047370018683,3.105901277959431,2.7709059915471466,20,10,30,10
136,2.8223148190895935,3.055343375692558,3.115274511015567,2.8526684117881267,20,10,30,20
137,2.8231657426614936,3.056178326378302,3.123996976662199,2.9333936346458236,20,10,30,30
138,2.8239274453313574,3.056925727269986,3.1321001978665306,3.0130546355182326,20,10,30,40
139,2.824613227109428,3.0575986906639545,3.139623275232114,3.09163259980902,20,10,30,50
140,2.822101741842185,3.055137815231391,3.175206643097145,2.777453984196261,20,10,40,10
141,2.823042163399667,3.05606051743883,3.1845795730478277,2.8592181148550893,20,10,40,20
142,2.8238789557106867,3.0568813471900476,3.193301432483552,2.9399445350052797,20,10,40,30
143,2.8246281896209493,3.0576162409682945,3.2014040474769763,3.0196069042119666,20,10,40,40
144,2.8253026109736052,3.0582781093422797,3.2089265186316527,3.0981858947534646,20,10,40,50
145,2.8227778256961207,3.0558045250686416,3.243665737807596,2.7835702673804334,20,10,50,10
146,2.8237038389091755,3.0567129046139194,3.253038061547371,2.8653355953317554,20,10,50,20
147,2.8245276082934985,3.0575210255240637,3.261759314772187,2.946063041732655,20,10,50,30
148,2.8252652046948015,3.05824462255469,3.2698610204492495,3.0257264371900514,20,10,50,40
149,2.825929651039775,3.058896404546871,3.2773828853930174,3.1043061118986874,20,10,50,50
150,2.8277104669943833,3.1492929790068596,2.9659693110104874,2.757339812382387,20,20,10,10
151,2.8286921740003237,3.1502691390378605,2.9753282981102918,2.839098127620531,20,20,10,20
152,2.8295652642559594,3.151137173055921,2.984037427116952,2.9198194165171767,20,20,10,30
153,2.8303463627740926,3.151913824454837,2.9921285241031286,2.9994776807210273,20,20,10,40
154,2.831049600815604,3.1526130124414977,2.9996406896723724,3.0780525662596885,20,20,10,50
155,2.8286109885211417,3.1501920790808766,3.0368511276138914,2.764818443382828,20,20,20,10
156,2.8295730225952673,3.151148268075905,3.04621041781915,2.8465789821641745,20,20,20,20
157,2.8304283795039145,3.1519987517896273,3.0549195468258104,2.927302152520453,20,20,20,30
158,2.8311939613434323,3.1527600718882005,3.0630106438119866,3.0069621271421525,20,20,20,40
159,2.8318833452076095,3.153445340667971,3.070522506275776,3.0855387230986615,20,20,20,50
160,2.8294217349787716,3.1510016120844737,3.1069660874189506,2.771814394466443,20,20,30,10
161,2.8303660357059073,3.151940250775163,3.116325377624208,2.8535768147074236,20,20,30,20
162,2.8312058759359395,3.152775201460907,3.125034203525414,2.934301866523336,20,20,30,30
163,2.831957603598123,3.153522602352591,3.133124694300683,3.013963209479314,20,20,30,40
164,2.832634518702699,3.1541955657465603,3.1406359505535653,3.092540831686532,20,20,30,50
165,2.830155729293966,3.151734690313996,3.1762696339239427,2.7783517825248976,20,20,40,10
166,2.831083959175394,3.1526573925214354,3.185628621023746,2.860115742141941,20,20,40,20
167,2.8319096681445455,3.153478222272653,3.1943368407140458,2.9408421622921317,20,20,40,30
168,2.8326489270471273,3.1542131160509,3.202426725278406,3.020504531498819,20,20,40,40
169,2.833314481726288,3.1548749844248847,3.20993737532038,3.099083179956746,20,20,40,50
170,2.8308229464744077,3.152401198423611,3.2447272131071228,2.7844579742437645,20,20,50,10
171,2.8317367680114076,3.1533095779688884,3.2540852908905653,2.8662231311533017,20,20,50,20
172,2.83254973113741,3.154117698879033,3.262792904369956,2.9469504065124164,20,20,50,30
173,2.8332776296145776,3.154841295909659,3.27088218272341,3.0266138019698134,20,20,50,40
174,2.8339332092860583,3.1554930779018404,3.278391923449022,3.10519347667845,20,20,50,50
175,2.835193385256426,3.2446482204893794,2.966914696921175,2.758164404827112,20,30,10,10
176,2.836163177669859,3.24562438052038,2.9762609535919142,2.8399225490234703,20,30,10,20
177,2.8370251845836263,3.2464924145384417,2.9849582614858745,2.920643837920116,20,30,10,30
178,2.8377965851776255,3.247269065937357,2.993038143570257,3.0003017600403976,20,30,10,40
179,2.8384906794620965,3.247968253924017,3.000539700448614,3.078876645579058,20,30,10,50
180,2.83608254635777,3.245547118835761,3.037794694891856,2.765632260195107,20,30,20,10
181,2.837032665839388,3.2465035095584254,3.04714125466805,2.847392627934669,20,30,20,20
182,2.837877216489713,3.2473539932721485,3.0558385625620086,2.9281159693327323,20,30,20,30
183,2.8386333774886436,3.2481151116430853,3.063918141540937,3.0077756018708626,20,30,20,40
184,2.839313894679326,3.248800380422856,3.0714193953138405,3.086352197827372,20,30,20,50
185,2.836883317807719,3.246356853566994,3.1079078360641903,2.7726181198134174,20,30,30,10
186,2.8378157039423475,3.2472952905300474,3.1172543958403853,2.854380540054397,20,30,30,20
187,2.8386450149976055,3.2481302412157906,3.12595140062889,2.9351054208285245,20,30,30,30
188,2.839387321819201,3.248877642107475,3.1340306765023644,3.0147664217009327,20,30,30,40
189,2.8400556473338283,3.2495506055014447,3.1415313240643603,3.093344043908151,20,30,30,50
190,2.8376078912823264,3.24708973006888,3.1772098670419133,2.7791459295319196,20,30,40,10
191,2.8385244836547927,3.2480124322763193,3.1865558206071998,2.8609097181071785,20,30,40,20
192,2.8393399405327155,3.248833060299902,3.1952525222902515,2.9416361382573695,20,30,40,30
193,2.8400697785947093,3.2495681558057843,3.2033311919528176,3.021298507464057,20,30,40,40
194,2.840727297851018,3.250229822452134,3.2108312333039057,3.099877155921984,20,30,40,50
195,2.8382665188728198,3.2477562381784946,3.2456656275923708,2.78524305603619,20,30,50,10
196,2.839168979984405,3.2486644159961364,3.2550112780522036,2.867008212945727,20,30,50,20
197,2.8399716910191803,3.249472536906281,3.263707070418893,2.947735488304842,20,30,50,30
198,2.8406907228228535,3.2501961339369076,3.271785133870552,3.0273988837622383,20,30,50,40
199,2.8413379899879327,3.2508479159290884,3.2792842659052788,3.105978558470875,20,30,50,50
200,2.8421074509971045,3.3387333847751273,2.9677564207666314,2.7588988582512237,20,40,10,10
201,2.843065328818029,3.3397095448061282,2.9770914625355775,2.8406570024475832,20,40,10,20
202,2.84391708364057,3.3405775788241896,2.9857781617386507,2.921378291344228,20,40,10,30
203,2.8446793404775272,3.3413542302231054,2.9938480413430546,3.0010362134645097,20,40,10,40
204,2.8453653993391432,3.3420534182097654,3.0013402019523405,3.079610756919601,20,40,10,50
205,2.842985805840127,3.3396322831215093,3.0386346001045883,2.7663571352792675,20,40,20,10
206,2.8439245648963305,3.340588673844174,3.0479699449789885,2.84811750301883,20,40,20,20
207,2.844759140538975,3.34143895583026,3.0566566441820613,2.9288408444168934,20,40,20,30
208,2.845506434864411,3.342200275928833,3.064726523786465,3.0085004769550237,20,40,20,40
209,2.8461789166322395,3.342885544708604,3.0722183812902983,3.0870767308279627,20,40,20,50
210,2.843776879365942,3.3404418161251064,3.1087462257496554,2.7733341007247665,20,40,30,10
211,2.844698182158702,3.3413804548157953,3.1180815706240557,2.855096349923962,20,40,30,20
212,2.8455177952898247,3.3422152037739035,3.126767966721674,2.935821059656304,20,40,30,30
213,2.8462512354379266,3.342962604665587,3.13483724011517,3.015482060528713,20,40,30,40
214,2.846911802613248,3.3436355680595566,3.1423287945135483,3.09405968273593,20,40,30,50
215,2.8444928632506006,3.3411746926269923,3.178046741200107,2.779853358354027,20,40,40,10
216,2.845398649364747,3.3420971931067958,3.187381782969054,2.8616171469292864,20,40,40,20
217,2.8462044083185356,3.3429180228580124,3.1960675728557644,2.9423432249959074,20,40,40,30
218,2.8469256567905825,3.34365291663626,3.2041362400383533,3.0220055942025943,20,40,40,40
219,2.847575140624035,3.3443147850102446,3.211627188225824,3.100584242660522,20,40,40,50
220,2.8451437325017874,3.341840999008971,3.2465012893287493,2.7859426169361945,20,40,50,10
221,2.846035387355052,3.3427491768266124,3.2558357248867873,2.8677076028039474,20,40,50,20
222,2.846828677549239,3.3435572977367567,3.2645209085625915,2.948435049204847,20,40,50,30
223,2.8475391197629643,3.344281096495019,3.272588969534272,3.0280981025786735,20,40,50,40
224,2.8481789056722837,3.3449328784872003,3.2800790084053806,3.10667777728731,20,40,50,50
225,2.848492564247142,3.431527492189951,2.968510850241367,2.7595573691228665,20,50,10,10
226,2.8494399128932923,3.4325038539485875,2.977835889530335,2.841315342277441,20,50,10,20
227,2.8502822468752447,3.433371686239012,2.986512889358883,2.922036460132301,20,50,10,30
228,2.8510359141222548,3.4341483376379283,2.99457367579967,3.0016943822525826,20,50,10,40
229,2.851714214644564,3.4348475256245887,3.0020576525617013,3.080269267791243,20,50,10,50
230,2.8493612211660313,3.432426390536332,3.039387514052055,2.767007094061669,20,50,20,10
231,2.8502894510474586,3.4333825795313606,3.048712856446476,2.8487674618012298,20,50,20,20
232,2.851114605849516,3.434233063245083,3.0573898562750244,2.929490461115724,20,50,20,30
233,2.851853310585005,3.434994383343657,3.065450642715812,3.0091500936538544,20,50,20,40
234,2.852518588180619,3.435679450395791,3.0729343163723897,3.0877263475267935,20,50,20,50
235,2.8501434280183506,3.433235721812294,3.1094976241698515,2.7739758495014946,20,50,30,10
236,2.8510544787198833,3.434174562230619,3.118822966564273,2.855738098700689,20,50,30,20
237,2.851864671010419,3.435009311188726,3.127499966392821,2.9364628084330318,20,50,30,30
238,2.852590075735667,3.4357565103527743,3.1355601466227,3.0161238093054403,20,50,30,40
239,2.8532431616552265,3.436429473746744,3.1430432140683706,3.0947014315126586,20,50,30,50
240,2.8508510993966096,3.433968396586543,3.1787969271984884,2.7804875812922223,20,50,40,10
241,2.8517469105030737,3.4348910987939822,3.1881219664874565,2.8622513698674807,20,50,40,20
242,2.8525435256998217,3.435712130272836,3.1967983601050967,2.942977447934102,20,50,40,30
243,2.853256738749015,3.4364468223234463,3.2048579341240684,3.0226394750572196,20,50,40,40
244,2.853899018410253,3.4371088924250683,3.2123403953588308,3.101218123515147,20,50,40,50
245,2.8514947644755817,3.4346349046961584,3.247250262905315,2.7865696561194264,20,50,50,10
246,2.8523764443211648,3.4355430825137994,3.256574695983375,2.8683346419871785,20,50,50,20
247,2.8531608678418583,3.436351203423944,3.2652504833901075,2.949061746304509,20,50,50,30
248,2.8538632746327295,3.437075002182206,3.2733094511981715,3.028725141761905,20,50,50,40
249,2.854495856369834,3.437726582446751,3.2807910031165717,3.107304474386972,20,50,50,50
250,2.885083109089486,3.0594808095086012,2.965741375709161,2.7571446537058826,30,10,10,10
251,2.8860781161056677,3.0604452693367086,2.9751033938635043,2.838902968944026,30,10,10,20
252,2.886962566786718,3.061302813517694,2.9838155539247038,2.919624428882456,30,10,10,30
253,2.8877541944796246,3.062070387172985,2.9919093788599653,2.9992823510027375,30,10,10,40
254,2.888466576278178,3.06276110259893,2.999423969272839,3.0778572365413983,30,10,10,50
255,2.8859955452087522,3.06036901629027,3.0366234954180196,2.764625679291311,30,10,20,10
256,2.886970325126025,3.0613139085376777,3.0459858166778164,2.8463862180726576,30,10,20,20
257,2.8878373195436344,3.062154305869596,3.054697976739016,2.927109559470721,30,10,20,30
258,2.888613153474379,3.0629065482245457,3.0627914985688225,3.0067695340924208,30,10,20,40
259,2.8893114040120507,3.0635835461712366,3.070305785876244,3.0853457879653594,30,10,20,50
260,2.8868173750082495,3.061169068094971,3.106739061433986,2.7716241960016994,30,10,30,10
261,2.887774144494987,3.062096611765676,3.116101079588329,2.853386616242679,30,10,30,20
262,2.888625068066887,3.0629214760696155,3.124812936544074,2.934111668058591,30,10,30,30
263,2.889386770736751,3.063660000945312,3.1329061552684276,3.013772668931,30,10,30,40
264,2.8900725525148214,3.0643248952338378,3.1404198363649414,3.092350633221787,30,10,30,50
265,2.8875607901640317,3.0618934720361417,3.1760429110444317,2.778163807603356,30,10,40,10
266,2.888501488805061,3.0628050792235966,3.1854046260933204,2.8599277672203995,30,10,40,20
267,2.8893380040325334,3.063616226048282,3.1941158768381586,2.9406540163288053,30,10,40,30
268,2.8900872379427955,3.0643422438105414,3.2022084893516043,3.0203163855354926,30,10,40,40
269,2.8907616592954515,3.064996244806719,3.20972156423721,3.0988953760769897,30,10,40,50
270,2.888236874017968,3.0625521127679494,3.2445004902276118,2.7842720518236406,30,10,50,10
271,2.8891628872310227,3.0634495990208785,3.2538615990655937,2.8660372087331782,30,10,50,20
272,2.8899866566153456,3.064248037004491,3.2625722435995237,2.946764655134078,30,10,50,30
273,2.8907242530166473,3.0649631614744015,3.270663946796607,3.026428050591475,30,10,50,40
274,2.8913884222780752,3.0656072778164116,3.278176415471305,3.1050077253001107,30,10,50,50
275,2.89317034656687,3.1560780880464776,2.9667922423178035,2.758060924547282,30,20,10,10
276,2.894152330656358,3.157042749602222,2.9761403176212666,2.8398192397854256,30,20,10,20
277,2.8950251438284456,3.1579002937832072,2.9848388379370414,2.9205405286820714,30,20,10,30
278,2.8958062423465787,3.158667665710863,2.992920235548692,3.000198450802352,30,20,10,40
279,2.8965094803880906,3.159358381136808,3.0004233079543194,3.0787733363410132,30,20,10,50
280,2.8940705910100823,3.156966294828147,3.0376725433939376,2.7655301482495562,30,20,20,10
281,2.8950326250842067,3.157911187075556,3.047020618697401,2.8472906870309025,30,20,20,20
282,2.8958879819928534,3.158751584407473,3.0557194421186296,2.9280140284289664,30,20,20,30
283,2.8966535638323725,3.1595036250347865,3.063800536624827,3.007673660967096,30,20,20,40
284,2.8973429476965484,3.160180824709114,3.071303305925,3.0862499148400353,30,20,20,50
285,2.894881337467712,3.1577663466328483,3.1077856845662724,2.772517376202145,30,20,30,10
286,2.895825638194848,3.1586936885759176,3.1171337598697364,2.85427962540134,30,20,30,20
287,2.89666547842488,3.1595185528798564,3.125832280185511,2.935004506175467,30,20,30,30
288,2.8974172060870638,3.160257077755553,3.133913071586255,3.014665849131446,30,20,30,40
289,2.898093844108092,3.1609219720440795,3.1414152346755198,3.093243471338664,30,20,30,50
290,2.8956150546993595,3.1584905488463826,3.1770877155439954,2.779046383213142,30,20,40,10
291,2.8965432845807877,3.1594021560338374,3.186435487742005,2.8608101717884007,30,20,40,20
292,2.897368993549938,3.160213302858523,3.1951337049523247,2.941536591938591,30,20,40,30
293,2.89810825245252,3.1609393206207823,3.203213890142161,3.0211986190617086,30,20,40,40
294,2.8987738071316818,3.1615933216169605,3.2107151439150643,3.0997776096032057,30,20,40,50
295,2.896282271879801,3.159149189578191,3.2455437791999064,2.7851447070099056,30,20,50,10
296,2.897195816333254,3.1600464741034835,3.2548909451870087,2.8669098639194432,30,20,50,20
297,2.898008779459257,3.160845113814732,3.263588253080967,2.947636968236773,30,20,50,30
298,2.898736955019971,3.1615600365570065,3.271667832059896,3.0273003636941698,30,20,50,40
299,2.8993925346914518,3.1622041528990166,3.279168479621892,3.105880038402806,30,20,50,50
300,2.9006535419124595,3.2514335312566347,2.967721563639434,2.7588716626074343,30,30,10,10
301,2.901623057242345,3.2523981928123793,2.9770572116192886,2.8406298068037925,30,30,10,20
302,2.902485064156113,3.253255736993364,2.9857442139278145,2.921350924658653,30,30,10,30
303,2.903256464750112,3.2540231089210194,2.993814396637672,3.0010088467789346,30,30,10,40
304,2.9039508361181294,3.254713824346964,3.0013068603524133,3.0795837323175954,30,30,10,50
305,2.9015427030138037,3.252321738038304,3.038600046082845,2.766330281719048,30,30,20,10
306,2.902492545411874,3.253266630285712,3.047935694062699,2.84809064945861,30,30,20,20
307,2.9033370960622005,3.2541068258899934,3.0566226963712255,2.9288138198148888,30,30,20,30
308,2.9040932570611298,3.254859068244943,3.064692879081083,3.008473452353018,30,30,20,40
309,2.9047737742518125,3.255536066191634,3.0721850396903703,3.0870497062259576,30,30,20,50
310,2.902343197380205,3.253121588115369,3.108711368622457,2.7733075892481165,30,30,30,10
311,2.9032755835148336,3.2540489300584383,3.118047319707765,2.855069838447311,30,30,30,20
312,2.904104617486545,3.254873794362377,3.126734018910838,2.935794719221438,30,30,30,30
313,2.9048469243081403,3.2556123192380744,3.134803595409788,3.015455720093847,30,30,30,40
314,2.905515249822769,3.2562772135266,3.1422954529136202,3.0940333423010653,30,30,30,50
315,2.9030674937712653,3.2538457903289038,3.1780118840729106,2.7798271889609465,30,30,40,10
316,2.9039840861437325,3.2547573975163577,3.187347532052764,2.861590977536205,30,30,40,20
317,2.9047995430216553,3.255568342613407,3.196033625044929,2.942317226644611,30,30,40,30
318,2.9055293810836504,3.2562945621033026,3.204102898438425,3.0219792537677286,30,30,40,40
319,2.906186900339957,3.2569483613718453,3.211593846625896,3.100557902225656,30,30,40,50
320,2.90372612136176,3.2545042293330746,3.2464664322015526,2.7859166185848987,30,30,50,10
321,2.9046285824733453,3.2554017155860038,3.255801473970498,2.867681775494436,30,30,50,20
322,2.90543129350812,3.2562001535696163,3.264486960751755,2.948409050853551,30,30,50,30
323,2.9061500482282465,3.2569150763118913,3.2725553248288897,3.0280721042273777,30,30,50,40
324,2.9067975924768734,3.257559192653901,3.2800456668054525,3.106651778936014,30,30,50,50
325,2.907567607653138,3.345518897270019,2.9685493446340105,2.7595939720648226,30,40,10,10
326,2.9085257625576086,3.346483357098127,2.9778737777120714,2.8413521162611812,30,40,10,20
327,2.909377517380149,3.3473409012791113,2.986550474435165,2.922073063074257,30,40,10,30
328,2.9101397742171065,3.3481084749344037,2.9946109577704987,3.0017309851945386,30,40,10,40
329,2.910825555995177,3.3487991903603485,3.0020940252161683,3.0803055286496295,30,40,10,50
330,2.9084459624961614,3.3464069023240524,3.039426008444699,2.7670433549200557,30,40,20,10
331,2.909384721552363,3.34735179457146,3.0487507446282125,2.848803551617832,30,40,20,20
332,2.9102192971950083,3.3481921919033777,3.0574271382458535,2.9295267219741112,30,40,20,30
333,2.910966314436898,3.348944232530691,3.0654876215811866,3.009186354512241,30,40,20,40
334,2.9116387962047265,3.349621432205019,3.0729706890268575,3.08776260838518,30,40,20,50
335,2.9092370360219744,3.347206752401117,3.1095361185624952,2.774011597234527,30,40,30,10
336,2.9101583388147354,3.3481340943441857,3.118860551640555,2.8557738464337215,30,40,30,20
337,2.910977674862312,3.3489589586481254,3.1275369452581954,2.9364987272078484,30,40,30,30
338,2.9117111150104136,3.3496974835238222,3.1355968223826207,3.016159385996688,30,40,30,40
339,2.912371682185734,3.350362377812348,3.143079586722837,3.094737008203906,30,40,30,50
340,2.909952742823087,3.3479307528870157,3.178835118485679,2.7805229869416848,30,40,40,10
341,2.9108585289372337,3.3488425618021065,3.188159551563739,2.8622866044751585,30,40,40,20
342,2.9116640108074763,3.349653506899155,3.1968353389704713,2.9430126825417795,30,40,40,30
343,2.912385536363069,3.350379524661415,3.2048946098839894,3.022675051748467,30,40,40,40
344,2.9130350201965216,3.351033525657593,3.212376464907844,3.1012533581228237,30,40,40,50
345,2.910603334990728,3.348589191891187,3.247288454192505,2.7866045486435342,30,40,50,10
346,2.911494989843992,3.3494866781441157,3.256611977954204,2.8683695345112863,30,40,50,20
347,2.9122882800381795,3.3502851161277287,3.265287462255482,2.9490966388286166,30,40,50,30
348,2.9129987222519054,3.351000240597639,3.2733458238526385,3.0287600342860133,30,40,50,40
349,2.913638508161223,3.3516441552120133,3.280827072665584,3.107339366911079,30,40,50,50
350,2.9139532750702686,3.4383132064124777,2.9692913467851367,2.7602417073040195,30,50,10,10
351,2.914900346632872,3.439277867968222,2.978605777383219,2.8419996804585943,30,50,10,20
352,2.915742680614825,3.4401352104215706,2.9872730778372425,2.9227206272716693,30,50,10,30
353,2.916496347861835,3.440902582349227,2.995324771114413,3.002378549391951,30,50,10,40
354,2.917174648384144,3.441593297775172,3.0027996547128275,3.080953092847043,30,50,10,50
355,2.914821654905611,3.439201211466511,3.040166495068556,2.7676825380700105,30,50,20,10
356,2.915749607703492,3.4401461037139187,3.0494812287720916,2.8494427347677873,30,50,20,20
357,2.9165750395890964,3.440986501045837,3.058148529226115,2.9301657340822813,30,50,20,30
358,2.9173137443245847,3.4417385416731507,3.0661999193978318,3.009825366620411,30,50,20,40
359,2.917978744836653,3.4424155396198417,3.073674802996247,3.0884016204933507,30,50,20,50
360,2.9156035846743844,3.44000085981594,3.110275089659083,2.7746429124623795,30,50,30,10
361,2.9165146353759175,3.4409284034866454,3.119589823362619,2.856404990619789,30,50,30,20
362,2.9173248276664525,3.4417530660629487,3.1282568207111883,2.9371298713939167,30,50,30,30
363,2.918049955308153,3.442491792666281,3.13630790777745,3.0167905301827553,30,50,30,40
364,2.918703041227714,3.4431566869548074,3.1437821851649583,3.095368152389973,30,50,30,50
365,2.916311256052643,3.4407250620294745,3.1795728771604503,2.781146776331004,30,50,40,10
366,2.9172067900755607,3.441636467489293,3.1888873077585322,2.862910393864478,30,50,40,20
367,2.9180034052723087,3.4424474125863425,3.197553698896194,2.943636300889314,30,50,40,30
368,2.9187166183215014,3.443173632076238,3.2056044828570034,3.023298328012432,30,50,40,40
369,2.91935889798274,3.443827633072416,3.2130781540336018,3.101876976470359,30,50,40,50
370,2.916954644048068,3.4413830975783735,3.248025000445461,2.7872213253196754,30,50,50,10
371,2.9178363238936518,3.442280785558939,3.257338824832635,2.8689863111874274,30,50,50,20
372,2.9186207474143444,3.443079223542551,3.2660046097593893,2.9497134155047573,30,50,50,30
373,2.9193231542052165,3.443794146284826,3.2740544844038366,3.0293764688785845,30,50,50,40
374,2.9199557359423207,3.4444380608992,3.281527549369528,3.107955801503651,30,50,50,50
375,2.9496729463253506,3.0657878240507053,2.966503989031153,2.7578129139592606,40,10,10,10
376,2.950667953341532,3.066741390586465,2.9758557016000626,2.8395710581556197,40,10,10,20
377,2.9515524040225816,3.067589251840917,2.984557859181284,2.92029251809405,40,10,10,30
378,2.95234403171549,3.068347949480222,2.992642590952928,2.9999504402143318,40,10,10,40
379,2.9530564135140427,3.0690309992559954,3.000148694413094,3.078525325752992,40,10,10,50
380,2.9505853824446175,3.066666146178206,3.0373845932127406,2.765285387455447,40,10,20,10
381,2.9515601623618895,3.0676003468609023,3.046736608887105,2.847045755195009,40,10,20,20
382,2.952426879695951,3.068431061266288,3.0554387664683262,2.9277690965930727,40,10,20,30
383,2.9532027136266974,3.0691746293328857,3.06352349823997,3.007428729131202,40,10,20,40
384,2.953900964164368,3.069844163357042,3.071029298594682,3.0860053250877115,40,10,20,50
385,2.9514069351605667,3.067457120239284,3.1074983405959835,2.772275694160163,40,10,30,10
386,2.952363427563758,3.068373972345277,3.1168503562703487,2.854037943359358,40,10,30,20
387,2.9532143511356583,3.0691895571779564,3.1255522107461156,2.934762653091701,40,10,30,30
388,2.953976053805523,3.069919609492937,3.1336363363068522,3.0144239960476784,40,10,30,40
389,2.9546618355835927,3.0705770398589283,3.141141833556109,3.0930016182548963,40,10,30,50
390,2.9521503503163493,3.068173051619739,3.17680067467916,2.7788074378397174,40,10,40,10
391,2.953090771873832,3.069074370697754,3.18615238724807,2.860571397456761,40,10,40,20
392,2.953927287101305,3.069876238051179,3.194853938618384,2.941297475523382,40,10,40,30
393,2.954676521011567,3.0705941867079956,3.202937457968213,3.0209598447300694,40,10,40,40
394,2.9553509423642224,3.071240723781638,3.2104420459011087,3.0995384931879966,40,10,40,50
395,2.9528261570867382,3.0688242284290115,3.245257041440525,2.7849084983050387,40,10,50,10
396,2.9537518932162463,3.0697114265725007,3.2546081477985283,2.866673655214576,40,10,50,20
397,2.9545756626005706,3.0705009885401253,3.2633090929579334,2.9474009305736906,40,10,50,30
398,2.9553132590018723,3.0712078421769564,3.2713920060968547,3.0270643260310877,40,10,50,40
399,2.9559777053468466,3.0718446963240678,3.2788956847133894,3.1056436586561538,40,10,50,50
400,2.9577604608862815,3.162385506043855,2.9675384879452835,2.7587151593743036,40,20,10,10
401,2.9587421678922214,3.1633390725796136,2.9768762576633145,2.840473303570662,40,20,10,20
402,2.9596149810643104,3.164186732106431,2.9855656848154726,2.921194250383738,40,20,10,30
403,2.960396079582444,3.164945631473371,2.9936379892635077,3.000852172504019,40,20,10,40
404,2.961099317623955,3.1656284795215095,3.0011325747164252,3.07942705804268,40,20,10,50
405,2.958660705329494,3.1632636264437197,3.0384169703886945,2.766175830987336,40,20,20,10
406,2.959622462320071,3.1641976253987796,3.04775504321218,2.8479361987268974,40,20,20,20
407,2.960477819228719,3.165028541531801,3.0564444703643376,2.9286591980413914,40,20,20,30
408,2.9612434010682365,3.1657721095984,3.0645167748123727,3.0083188305795208,40,20,20,40
409,2.9619327849324137,3.1664414418949196,3.0720110571598367,3.0868954265360298,40,20,20,50
410,2.9594711747035762,3.164054398777161,3.108528899139215,2.773155019976037,40,20,30,10
411,2.9604154754307124,3.164971250883154,3.1178669719627,2.854917269175232,40,20,30,20
412,2.961255038577198,3.1657868357158336,3.126556096009404,2.9356421499493592,40,20,30,30
413,2.9620067662393814,3.1665168880308148,3.134627794246531,3.015303150821768,40,20,30,40
414,2.962683681343957,3.167174318396806,3.14212177348854,3.093880773028986,40,20,30,50
415,2.960204891935224,3.1647703301576167,3.177829414589667,2.7796765011485003,40,20,40,10
416,2.9611328447331053,3.1656716492356307,3.187167487413152,2.8614401186819745,40,20,40,20
417,2.961958553702256,3.166473516589057,3.195856005248949,2.94216636779038,40,20,40,30
418,2.9626978126048384,3.1671914652458732,3.2039270972751677,3.021828394913498,40,20,40,40
419,2.963363367284,3.167838002319516,3.2114201672008167,3.1004070433714253,40,20,40,50
420,2.9608718320321192,3.1654215069668896,3.2462842658237627,2.7857676411903007,40,20,50,10
421,2.961785376485572,3.166308705110378,3.2556214293308874,2.8675326270580537,40,20,50,20
422,2.962598339611575,3.167098065350367,3.264309340955775,2.9482599024171683,40,20,50,30
423,2.9633262380887424,3.1678051207148346,3.2723798267710866,3.027922955790995,40,20,50,40
424,2.9639818177602226,3.168441773134309,3.2798722904858275,3.1065026304996315,40,20,50,50
425,2.9652439333154184,3.257741150981647,2.9684535633105815,2.759513411384162,40,30,10,10
426,2.966213448645304,3.2586947175174066,2.9777792088104573,2.8412713845387363,40,30,10,20
427,2.9670751784755254,3.2595423770442236,2.986456814849913,2.921992673435381,40,30,10,30
428,2.967846579069523,3.260301074683528,2.994518510607062,3.0016502534720932,40,30,10,40
429,2.968540950437541,3.2609841244593016,3.002002790474547,3.080225139010754,40,30,10,50
430,2.9661328173332153,3.258619069653876,3.0393302271212685,2.7669636494483187,40,30,20,10
431,2.9670826597312856,3.2595532703365717,3.0486561757265993,2.8487240171878807,40,30,20,20
432,2.9679272103816117,3.260383984741958,3.057333781766055,2.9294470165023747,40,30,20,30
433,2.968683094296995,3.261127552808556,3.0653951744177497,3.0091066490405045,40,30,20,40
434,2.9693638885712255,3.2617970868327126,3.072879454285235,3.087682902913444,40,30,20,50
435,2.9669330346160705,3.259409841987318,3.1094403372390653,2.773933089055284,40,30,30,10
436,2.967865420750698,3.2603266940933104,3.1187662858443956,2.8556951672126947,40,30,30,20
437,2.9686944547224092,3.26114227892599,3.1274435887783976,2.9364200479868217,40,30,30,30
438,2.969436761544005,3.2618723312409714,3.1355046783246383,3.01608104885923,40,30,30,40
439,2.970105087058634,3.2625297616069626,3.142988351981216,3.094658328982879,40,30,30,50
440,2.9676573310071306,3.260125773367773,3.178739337162249,2.7804453339713655,40,30,40,10
441,2.9685739233795974,3.2610270924457874,3.188064982662125,2.8622089515048397,40,30,40,20
442,2.9693891031739743,3.261828758071577,3.196741982490673,2.942935029571461,40,30,40,30
443,2.9701192183195153,3.2625467067283935,3.204802465826006,3.0225970566945786,40,30,40,40
444,2.9707764604922753,3.263193243802036,3.2122855332716758,3.1011757051525057,40,30,40,50
445,2.9683159585976244,3.260776748449409,3.2471926728690756,2.7865277508821396,40,30,50,10
446,2.9692181426256634,3.2616639465928983,3.2565177121580438,2.8682927367498925,40,30,50,20
447,2.970020853660438,3.262453306832887,3.2651941057756844,2.949020012109007,40,30,50,30
448,2.9707396083805646,3.263160362197355,3.2732539829001093,3.0286830654828343,40,30,50,40
449,2.9713871526291906,3.2637970146168294,3.2807361410294176,3.107262398107901,40,30,50,50
450,2.9721579990560962,3.3518267187226676,2.9692686138760958,2.760224774167321,40,40,10,10
451,2.973116153960567,3.352780083530791,2.978583347579631,2.841982747321895,40,40,10,20
452,2.973967908783108,3.3536279447852437,2.987250648033654,2.922703865176755,40,40,10,30
453,2.974729888536518,3.354386642424548,2.9953026444162787,3.002361445213467,40,40,10,40
454,2.975415947398135,3.3550694904726863,3.0027778311201474,3.080935988668558,40,40,10,50
455,2.973036353899119,3.3527044356672606,3.0401434590540606,2.7676657759750958,40,40,20,10
456,2.9739748358717746,3.353638636349956,3.0494587989685034,2.849425972672873,40,40,20,20
457,2.97480941151442,3.3544693507553425,3.0581260994225263,2.930148971987367,40,40,20,30
458,2.9755564287563097,3.35521291882194,3.066177792699697,3.0098086045254964,40,40,20,40
459,2.9762289105241373,3.3558824528460964,3.073652979403566,3.0883848583984364,40,40,20,50
460,2.9738271503413864,3.3534952080007026,3.110252356750041,2.774626492451034,40,40,30,10
461,2.9747484531341466,3.3544120601066942,3.1195673935590302,2.856388570608445,40,40,30,20
462,2.9755677891817234,3.355227644939374,3.1282343909075996,2.937113109299002,40,40,30,30
463,2.9763012293298248,3.3559576972543543,3.1362857810793163,3.016774110171411,40,40,30,40
464,2.9769615194215993,3.3566149258927105,3.143760361572278,3.0953517323786293,40,40,30,50
465,2.9745428571424997,3.354210937653521,3.179550144251409,2.7811305273614444,40,40,40,10
466,2.975448366173098,3.3551122567315352,3.18886457484949,2.862894144894918,40,40,40,20
467,2.9762541251268875,3.3559141240849613,3.19753157219806,2.943620222961539,40,40,40,30
468,2.9769753735989344,3.3566320727417778,3.2055823561588683,3.0232822500846566,40,40,40,40
469,2.977624857432387,3.357278408087784,3.2130563304409225,3.101860556459014,40,40,40,50
470,2.9751934493101384,3.3548619127351578,3.2480019644309657,2.7872052473919,40,40,50,10
471,2.9760848270798568,3.355749110878646,3.2573160919235935,2.8689700622178673,40,40,50,20
472,2.976878117274045,3.356538471118635,3.265982179955802,2.949697337576983,40,40,50,30
473,2.9775885594877702,3.3572455264831027,3.2740323577057024,3.0293603909508096,40,40,50,40
474,2.978228068313542,3.3578821789025772,3.281505422671394,3.107939723575876,40,40,50,50
475,2.9785436664732274,3.4446212295927623,2.969999401125427,2.760862760024782,40,50,10,10
476,2.9794910151193776,3.445574594400887,2.979304132348984,2.8426205621375717,40,50,10,20
477,2.9803330720177823,3.4464222539277034,2.9879623396393917,2.923341508950647,40,50,10,30
478,2.9810867392647924,3.4471811532946433,2.9960055459638526,3.0029990889873592,40,50,10,40
479,2.9817650397871023,3.447863799615145,3.0034728519259204,3.08157363244245,40,50,10,50
480,2.979412046308569,3.4454987448097194,3.0408727307761225,2.7682953807851005,40,50,20,10
481,2.98033999910645,3.446433147220051,3.0501780682105877,2.8500555774828773,40,50,20,20
482,2.9811654309920543,3.4472638616254363,3.0588362755009944,2.9307784057555857,40,50,20,30
483,2.9819038586439968,3.4480074296920358,3.0668794818254557,3.0104380382937155,40,50,20,40
484,2.982568859156064,3.448676761988556,3.074346484682069,3.0890139500830855,40,50,20,50
485,2.980193976077342,3.446289517143161,3.1109801129448345,2.775248229338936,40,50,30,10
486,2.981104749695329,3.4472065709767894,3.1202854503792996,2.857010307496346,40,50,30,20
487,2.9819149419858637,3.4480219540818338,3.128943354564252,2.9377346751451183,40,50,30,30
488,2.9826403467111113,3.448751804669179,3.136985954677806,3.0173956760175273,40,50,30,40
489,2.9832931555471243,3.449409436762806,3.144452654428966,3.0959729561411757,40,50,30,50
490,2.9809013703720546,3.44700524679598,3.180276688024387,2.781744909452597,40,50,40,10
491,2.9817969043949724,3.4479065658739945,3.1895814192479435,2.863508355944286,40,50,40,20
492,2.9825935195917204,3.448708231499785,3.1982390203274425,2.9442342629691223,40,50,40,30
493,2.983306732640913,3.4494263818842366,3.206281317335542,3.02389629009224,40,50,40,40
494,2.983949012302152,3.4500727172302437,3.2137471077703403,3.1024749385501673,40,50,40,50
495,2.9815447583674803,3.4476560201499806,3.2487272957821274,2.787812787811659,40,50,50,10
496,2.9824261611295166,3.4485432182934694,3.2580317239002308,2.869577602637627,40,50,50,20
497,2.9832105846502097,3.4493327802610945,3.2666887187688225,2.950304535913172,40,50,50,30
498,2.9839129914410814,3.450039633897925,3.27473010646056,3.029967589286999,40,50,50,40
499,2.9845455731781856,3.4506762863174005,3.282195290684451,3.108546921912066,40,50,50,50
500,3.013378332880165,3.0716526516145177,2.9671984036260173,2.758421822713299,50,10,10,10
501,3.0143730628128003,3.0725959300408374,2.976540719925857,2.8401799669096577,50,10,10,20
502,3.0152577905773965,3.07343451182403,2.985234087448915,2.9209010847645183,50,10,10,30
503,3.0160491411867576,3.0741851403578915,2.9933106353733043,3.0005590068848,50,10,10,40
504,3.01676152298531,3.07486072621113,3.000808858091669,3.0791338924234606,50,10,10,50
